line|word_count
online|4
"me?"""|1
still|44
some|41
hope|5
cautious|2
those|5
harder|5
fog|2
few|12
lieutenant|1
office?|1
antennae|1
inner|1
tortured|1
slightly|8
conversation|7
conclusions|2
often|16
taking|9
photograph|1
staff|2
filled|5
worked|2
received|7
construed|1
smelling|1
combed|1
bone|1
dustbins|1
hurry|3
laboriously|1
"again!"""|1
noticing|1
include|1
distributor|1
arches|1
explain|2
afterwards|2
vegetables|2
cook|1
watch|2
"""come"|4
character|1
shut|9
impatiently|1
duties|1
nearest|1
slow|5
approached|1
prevent|2
flowers|1
forks|1
dishes|1
"notice"""|1
countries|1
gutenberg:|1
disclaimer|3
obsolete|1
fairbanks|1
ready|4
furniturerattling|1
circumstances|2
locked?|1
leave|10
wall|5
awoke|1
broom|5
wink|1
expression|2
wiped|1
unlink|1
periodic|1
1500|1
used|23
day|28
begun|1
worried|2
insistent|2
among|1
leant|8
lips|2
subject|2
sense|1
nightgown|2
piled|1
preoccupied|1
"""tonight"|1
even|82
unclear|1
raised|5
happen|5
"considerations"""|1
"""hes"|3
pride|2
dropped|1
briefly|4
introduction|1
displacing|1
5200hhtm|1
production|1
got|21
did|72
whether|10
earlier|7
army|1
landed|3
space|2
throughout|3
attempted|1
ahead|2
http://pglaforg/donate|1
slept|2
lazy|1
two|27
froze|2
highly|4
us|12
pockets|4
dryeyed|1
meat|2
repugnant|1
(available|1
copied|2
returns|1
expend|1
financial|1
anyone|13
present|8
strenuous|1
instance|2
remembered|3
hit|4
holding|5
lack|4
scream|1
unlocked|1
unusual|1
spin|1
critical|1
2012|1
father|94
senses|1
fancy|1
imaginable|1
strangers|2
"there!"""|1
halt|1
joined|1
purpose|3
tray|1
recognised|1
shuffled|1
occurred|3
"moment"""|1
overview|2
engrossed|1
consisting|1
selfreproach|1
act|1
continually|1
moments|1
wrote|1
practically|1
implied|2
salesmen|3
understanding|3
explaining|3
yourself|2
speaking|5
shame|2
within|5
fond|3
helping|2
leather|2
disappear|2
separated|1
favour|1
"""project"|5
requirements|4
lieu|2
[ebook|1
set|21
could|120
him|186
magazine|1
always|18
entirely|4
trying|4
length|1
"""he"|3
losing|1
stubbornness|2
contracts|1
throwing|1
sucking|1
becoming|4
bucketfuls|1
toward|2
knives|1
perfect|1
necklace|1
discovery|1
theyd|1
men|1
progress|1
promise|1
vanilla|2
demand|1
debt|3
office|7
case?|1
traveller|1
greatest|3
hungry|2
glimpsed|1
joy|1
inch|1
"""just"|3
thunder|1
"wrong"""|1
excusal|1
constant|1
appears|1
fact|5
peered|1
reading|5
healthy|1
bravely|1
childish|1
grete|18
gretes|3
incredible|1
lamp|1
pen|1
noses|1
name|1
agent|1
copy|13
textile|1
plaintively:|1
hopefully|1
continued|2
loudly|5
chin|1
ceiling|7
filth|1
everywhere|2
tenants|2
starting|1
modified|1
donate|3
prepare)|1
who|36
down|35
seen|12
hell|3
commerce|1
"""mr"|2
showing|2
intentions|5
thanking|1
nailed|1
rid|4
special|2
revenue|1
***|6
not|197
put|14
originally|1
clumsily|1
knife|1
rooms|2
labouring|1
salts|1
abruptly|1
boy|1
3|3
chest|13
show|5
"""did"|1
gradually|1
considered|1
royalties|2
"foundation"""|2
sharing|1
30|1
certain|2
exclusion|1
501(c)(3)|2
david|5
extremely|3
locking|1
serious|7
will|17
"""thatll"|1
screams|1
involved|1
dripped|1
hurrying|2
pleasant|1
bulging|1
begged|1
document|1
mingled|1
trainee|1
firmly|1
flapped|1
tidy|1
"""then"|1
liability|3
copyright|18
because|24
assistant|2
struck|6
rubbed|2
sure|6
"now!"""|2
efforts|6
"then"""|3
particular|6
"""help"|1
hinder|1
previous|2
feeding|1
drank|1
scratching|1
carved|1
form|5
"today!"""|1
chasing|1
wife|2
1f1|1
covered|9
sensible|4
lose|1
enquiries|2
situation|4
here!|1
month|4
misfortune|3
(whose|1
"""look"|1
principal|2
preserve|1
format|4
viewed|1
legal|2
by|80
horrible|3
above|4
hung|4
must|28
hand|22
carefree|1
stuck|2
grey|2
relaxed|1
medicine|1
untouched|1
"that"""|1
daughter|3
belly|3
sleeping|6
luxury|1
answered|4
using|9
opposite|2
lamps|1
improvement|3
attract|1
tossed|1
entitled|1
widow|1
beautifully|1
yearning|1
determined|1
positions|1
letters|3
examination|1
access|10
"ascii"""|2
disclaim|1
non|1
you|115
sitting|3
everything|28
new|15
daring|1
"""but"|2
too:|1
leading|2
lifelessly|1
unselfconsciously|1
distress|2
success|3
accumulated|1
beings|1
sprung|1
shout|1
stuff|1
based|2
corporation|1
originator|1
expectations|1
opening|3
cant|9
couple|2
fallen|4
fortunately|2
rushed|6
newspaper|4
normally|3
dismissal|1
scraping|1
sounding|1
armchair|1
shrugged|1
sweetly|1
notifies|1
variety|1
facility:|1
lively|3
resolve|1
burning|1
rested|2
exactly|4
occur|1
raisins|1
suffocating|2
strain|3
cave|1
insist|3
shop|2
bedroom|4
discard|1
page|3
"away"""|1
wasting|1
performances|1
language:|1
own|10
"there"""|1
crying|2
forgetting|2
steady|2
pleasure|7
hunger|3
ways|2
lovely|1
perversity|1
superior|1
satisfaction|1
dawning|1
indemnity|1
charities|1
woke|2
more|71
frenzy|1
business?|1
likes|1
stick|5
repeated|3
modest|1
girl|1
appreciation|1
oh|1
glanced|1
observed|1
marriage|1
simultaneously|1
back|82
seemed|26
collection|6
parents|26
desk!|1
forwards|4
noise?|1
man|7
occupational|1
afraid|3
visitors|1
trainees|1
forgive|1
eight|2
"him!"""|1
station|1
lock|7
"key"""|1
choice|2
opportunity|3
mixing|1
press|1
thanks|2
saved|1
exact|1
subdued|1
sit|5
disappointed|1
blew|1
gain|1
codes|1
computers|2
there|102
forget|6
tried|12
"""this"|1
allow|2
palely|1
laughed|1
totally|7
hot|2
apple|5
(as|1
hardest|1
darkest|1
"mean?"""|1
boss|9
doors|10
congratulated|1
suggest|1
"grete!"""|1
realised|9
achievements|1
commercial|2
remain|4
"today"""|1
add|1
protruded|1
beds|2
required|2
gleeful|1
research|2
16|1
2005|1
can|24
report|3
stay|11
forth|12
innocent|2
mouth|8
hostile|1
diligence|1
lost|6
ridiculously|1
seeming|1
eat|11
news|3
fro|2
revolting|1
monster|1
deal|1
viewing|1
extent|1
http://wwwgutenbergnet|1
newsletter|1
was|410
recently|3
lots|1
mixed|3
else|8
employer|3
peculiar|1
girls|2
sounded|2
face|14
sake|3
covering|1
converted|1
bent|6
tempted|1
startlement|1
"""gregor!"""|1
invariably|1
junk|1
"go"""|1
aching|1
obtaining|2
derived|1
drew|4
their|70
kicked|1
apart|3
difficulty|4
along|5
jumped|2
gas|1
hotel|2
smiled|3
"""father"|1
vigorously|2
stone|1
apply|1
for|193
pushed|12
"""god"|1
balance|1
coughs|1
wide|5
gossip|1
draught|1
flew|6
vague|1
stand|8
screamed|2
unknown|1
ostrich|1
registered|2
destroy|2
inaccurate|1
table|19
saw|12
arent|1
bring|8
how|32
falling|3
main|3
driven|2
leapt|1
disappointment|2
rather|4
bin|1
disturb|1
"""alright"|1
sorted|1
"""cheerio"|1
turned|19
rolled|3
"five"""|1
learned|5
desperate|1
mention|1
"god!"""|2
arrive|1
undisturbed|1
distinct|1
meant|6
sufficient|1
spoken|2
wrapped|1
collar|2
failed|2
kiss|1
friend|1
distributing|7
(or|3
wyllie|5
under|25
squeaking|1
suffering|1
serviettes|1
"contrary"""|1
uncontrolled|1
definite|1
strides|1
distribute|6
granted|1
below|6
posted:|1
looked|29
difficult|7
chief|38
louts|1
train!|1
jaw|2
powerful|1
preparation|1
spent|4
greedily|1
arc|1
strict|2
blouse|1
"age!"""|1
charwoman|9
establishment|1
love|2
politeness|1
action|1
nodding|1
panting|1
sunshine|1
1e|2
please|12
top|3
soon|31
words|11
body|24
stillness|1
awful|1
wept|1
numerous|2
hissing|2
doorway|8
receipt|3
tidied|2
sheet|6
shaking|3
confusion|2
revulsion|1
sufficiently|1
1a|1
warranty|2
promotion|1
money|14
seven|7
bosss|2
wooden|2
turning|7
miracle|2
hear|14
thinks|1
discourtesy|1
unnecessary|2
key?|1
landing|6
recent|1
awake|1
rounded|1
shaken|1
tremor|1
safe|1
"out"""|2
friends|4
shown|2
possession|1
http://pglaforg/fundraising|1
four|4
particularly|3
"this"""|1
disturbing|1
stare|1
dissuade|2
dungbeetle|1
thoughtless|1
example|1
provisions|1
translator:|1
one|59
too|29
properly|3
swang|2
needed|8
faithful|1
kind|8
hopes|1
imagined|1
sunday|1
humanly|1
checking|1
links|3
translated|3
in|403
compared|1
"god"""|1
rush|5
know:|1
giving|3
nor|3
response|1
entering|2
businessman|1
reach|1
dish|7
"""no"|1
persuaded|1
trips|1
startling|1
twisted|1
royalty|3
fix|1
disclaimers|1
bit|4
accept|2
stretch|3
leg|1
ring|1
adjoining|1
excitedly|2
"""now"|3
cheese|3
breathe|3
appropriate|1
christmas|3
standing|3
lodged|2
crossed|2
decisively|1
"gutenberg"""|4
legally|1
transcription|1
determine|1
library|1
kafka|4
domed|1
door|86
careful|4
speak|8
actually|7
maintain|1
denuded|1
damp|1
shorthand|1
spit|2
seat|2
"everyone"""|1
volunteers|6
permitted|2
threw|5
itch|2
suspicious|3
they|159
bringing|3
devoted|1
"""anna!"|1
mood|4
propped|1
approved|1
whereabouts|1
peaceful|2
smaller|2
amazement|2
damages|5
unnatural|1
wellworn|1
relieved|1
educational|1
contributions|2
become|19
former|1
"time"""|1
deepness|1
conscience|1
person|5
sorrows|1
(the|1
delay|3
know)|1
buttons|3
limply|1
area|1
martyr|1
display|1
physical|2
"refund"""|1
5|1
with|247
human|5
told|9
tell|6
thats|9
outside|8
exceptionally|1
"well"""|1
read|4
hefty|1
visitor|1
spring|1
object|1
hidden|1
confirmation|2
(wwwgutenbergnet)|1
infringement|1
terms|22
task|2
risked|1
surprising|2
backwards|4
reaching|2
merely|4
bear|4
comes|1
gentleman|5
quarrel|1
professor|1
frame|2
pane|2
given|7
alarm|6
"""so"|2
direct|3
say|17
"animal"""|1
"anna!"""|1
concentration|2
building|1
"""mother"|1
ii|1
shone|1
timorous|1
splashed|2
overnight|1
unexpected|2
meters|1
faint|1
determination|1
count|1
cooked|1
realisation|1
group|1
defective|3
machine|1
includes|1
had|352
food|14
fifteen|2
itself|4
personally|1
traces|1
refrained|1
wont|1
angry|1
nightdress|1
comply|6
addition|1
discontinue|1
exists|1
director|1
out|110
takes|2
method|2
saying|3
blown|1
taste|2
everpresent|1
harm|1
stains|1
so?|1
lives|1
"in"""|1
"""leave"|1
intent|1
united|10
"""defects"""|1
licensed|1
quite|30
attack|2
take|12
future|7
resounding|1
injuries|2
content|1
pulling|1
unused|1
woman|1
destroyed|1
downloading|1
4557|1
2002|2
himself|84
be|137
doubt|1
same|17
cause|4
handle|2
ended|1
bare|3
dry|1
gifted|1
elderly|2
reliable|1
shy|1
letter|1
dreams|2
blow|2
already|22
incomprehensible|1
accusations|1
"that?"""|1
solid|1
brief|1
happened|14
chosen!|1
load|2
disappeared|5
days|10
influence|1
movements|3
chambermaids|1
urged|1
mens|1
fee|8
1f3|4
divided|1
crying?|1
flecks|1
tiptoe|3
interrupted|2
pretend|1
precaution|1
monotonous|1
screamed:|1
laying|2
banking|1
iii|1
appeared|5
specific|1
sad|3
course|16
great|10
supernatural|1
light|7
events|1
coughing|1
warmth|1
domain|8
archive|13
than|57
these|17
ought|4
six|3
"door"""|1
kitchen|11
persuade|3
lit|1
selfcontrol|1
sill|1
bedsheet|1
met|2
"to"""|1
lines|1
pressure|1
detail|1
comfortably|1
distributed|3
20%|1
charitable|1
towards|12
today|2
gather|2
left|31
wants|3
impatient|1
ease|1
prospects|2
weve|3
uncomfortable|1
"breakfast?"""|1
1e6|1
alternate|1
liable|1
hundreds|1
created|2
your|25
ticking|1
inside|3
both|9
instead|7
"already"""|1
kept|8
"room"""|1
responsibility|1
sank|2
washing|2
reached|7
angle|1
fast|3
cash|2
silent|5
struggling|2
needle|1
beards|3
volume|1
start:|1
lay|19
head|38
patient!|1
hair|3
earn|6
shove|3
lid|1
hoped|1
thereby|1
copies|7
phrase|4
illustrated|1
unable|6
years|8
should|19
answer|4
"it"""|2
remained|11
paper|3
glad|5
greatly|1
knocked|1
complicated|1
suffered|2
earth|1
result|1
nuisance|1
sending|2
incomplete|1
types|1
may|17
whenever|7
later|12
chaos|1
suppress|1
upset|3
barricade|1
waste|3
sight|7
suggested|1
scar|1
keeping|4
courage|1
calls|1
resentful|1
heads|1
breach|2
federal|2
touched|4
decide|1
throw|5
carpet|6
peel|1
liked|3
hide|1
visit|2
"""you"|1
considerate|2
belonging|1
butchers|1
applicable|3
longer|18
clock|5
condemned|1
reason|12
staying|2
sudden|3
starve|1
selfish|1
warm|3
pointless|1
french|1
cheaper|1
compilation|1
located|4
contact|5
sweetened|1
water|2
wearily|1
groaning|1
permission|10
differently|1
expects|1
pillows|1
"""my"|1
attributed|1
peeved|1
electronic|27
maximum|1
(c)|2
floundering|1
close|12
job|8
victim|1
trembling|2
rows|1
somewhere|3
interest|3
closer|3
playing|13
notches|1
source|1
1f4|1
project|83
me|16
noise|7
immediately|16
miss|1
whims|1
anxiously|4
indeed|5
school|2
prepared|2
theyll|1
terribly|1
exporting|1
indemnify|1
paperwork|1
notice|10
talking|4
"gregor!"""|1
bulk|1
natural|1
gruff|1
mr|21
youre|5
unsatisfactory|1
illness|1
dipped|1
such|10
old|14
sighs|1
thrift|1
serve|1
captivate|1
stretching|1
rumination|1
said:|1
leaned|1
possessed|1
ensuring|1
however|11
pain|10
felt|15
next|18
family|30
free|11
mrs|10
practise|1
confused|2
leftovers|1
flesh|1
dust|3
coats|1
contractor|1
general|3
entity|3
proprietary|1
profits|1
caution|1
times|15
other|58
definitely|2
mother|78
"you"""|2
control|3
untidiness|1
unpleasantness|1
roll|1
nodded|3
easier|2
1f|1
network|1
reuse|2
author:|1
thing|11
past|6
having|8
watching|3
turnover|1
impose|1
decisions|1
junior|1
death|3
sliding|1
jewellery|1
teaboy|1
"""right"|1
when|69
boa|1
gentle|1
enunciating|1
night|10
"""that"|3
stamping|1
humbly|1
impression|2
stepped|4
painwracked|1
active|2
mississippi|1
go|39
white|7
life|13
during|7
after|38
leaving|6
elastic|1
wait|5
ears|1
stairway|2
flee|1
coat|4
bottom|1
sales|1
curiosity|1
bowed|2
feather|1
1c|2
s/he|1
accordance|2
information:|1
accepting|1
rain|3
certainly|13
fresh|6
wrong|3
perhaps|18
despite|11
"""i"|4
excuse|2
whispering|2
beginning|3
out:|3
admit|3
glass|2
labour|1
emerged|1
tickle|1
promoting|2
original|1
aware|6
carelessly|1
late|5
staircase|1
stamped|2
wildest|1
catching|1
replied|1
derivative|3
laws|8
enough|19
"""yes"|2
sides:|1
employees|6
it?|1
"isnt"""|1
contrast|3
practice|1
frightening|2
goodness|1
finances|1
enable|1
clothes|3
listened|2
say:|1
earnest|1
wishing|1
produced|2
excited|1
charges|1
lake|1
is|52
between|7
gentlemen|23
disturbed|4
broad|3
polished|2
missed|1
suffer|2
seventeen|1
visible|1
grounds|1
harmless|1
on|164
desk|8
thankyou|1
im|14
imagination|1
move|16
imagining|1
permanently|2
arrangement|2
longing|1
"samsa!"""|1
1b|1
check|2
user|3
60|1
prepare|1
90|2
accessible|1
cover|1
but|174
knows|1
round|24
sleepiness|1
"anything?"""|1
breadth|1
relaxation|2
unheard|2
mistakes|1
sought|1
scurry|1
seldom|1
provincial|1
accused|1
dirty|1
tram|2
1e9|3
indirectly|1
painful|2
without|47
nothing|18
managed|3
end|8
crawling|6
thus|2
deeper|1
transport|1
"""dead?"""|1
1e5|1
taxes|1
($1|1
each|18
maid|7
before?|1
"lock!"""|1
ground|7
remember|3
rag|1
carried|5
entered|1
enemy|1
everyones|1
streets|1
indicate|1
official|3
west|1
stiff|3
bad|3
people|9
greeting|1
swishing|1
turn|10
chilly|1
hissing!|1
fetch|4
assailed|1
animal|3
"right"""|1
helplessness|1
"while"""|1
print|1
edition|1
train|8
"hell!"""|1
again|37
beg|2
others|9
raise|3
suitable|2
"""surely"|1
calmer|1
gazing|1
surplus|1
enviable|1
"expected"""|1
formerly|1
immaculate|1
emotion|2
tower|1
blanket|1
corpse|2
"gutenberg"")"|1
executive|1
proper|3
deeply|3
"gregor"""|2
remove|5
remind|2
unwell|2
distinguish|1
encouraged|1
unfolded|2
provide|10
lover|1
flying|1
institute|1
windowpanes|1
enjoy|1
slamming|2
gets|1
complying|3
derive|1
email)|1
donation|1
use|21
eyes|19
different|8
completely|9
somebody|4
spend|3
others?|1
confident|1
snapping|1
eaten|3
explanations|2
"""would"|1
proud|1
seats|1
detach|1
proofread|1
cost|3
drawers|9
consciousness|1
far|9
entrance|4
harmful|1
foot|6
obviously|4
crack|2
bite|1
injury|2
"""maybe"|1
"said"""|2
dried|1
updated|1
editions|4
646221541|1
into|78
any|82
makes|3
catch|4
real|2
steps|5
suffer!|1
climb|2
following|6
convinced|3
end?|1
couch|17
aside|2
cope|1
immobile|5
red|1
reminder|1
chairs|3
mumbled|1
associated|7
site|4
virus|1
deletions|1
sat|14
carefully|9
lightly|3
timetables|1
thoughtfully|1
request|2
snuffling|1
suitable?|1
periods|1
chest:|1
"""close"|1
responded|1
already?|1
forefinger|1
sentence|2
party|1
visit:|1
gregor|187
wouldnt|5
live|4
view|4
front|17
going|9
everyone|7
diligently|1
knees|1
freely|5
dominated|1
gold|3
invalid|1
shared|1
produce|1
room|130
arm|4
firm|3
edges|1
listening|6
ignoring|2
movement|4
breast|1
usually|3
screaming|2
regret|3
almonds|1
whirred|1
comment|2
you!)|1
melan|1
irs|1
it|360
hungrier|2
whatever|4
knew|8
nearly|10
wish|4
excitement|1
sides|4
fluttered|1
dragged|2
unsuccessfully|1
city|2
appreciated|2
"grete"""|1
thoroughly|1
repelled|1
attentive|1
player|1
bow|1
"""we"|2
mistrust|1
reports|1
support|4
data|1
internal|1
email|3
survive|1
approach|1
samsa|30
able|23
its|38
upright|9
hed|2
explanation|5
offer|1
stood|14
partly|3
unthinking|1
self|2
staring|2
unfortunate|1
minutes|2
peg|1
pantry|1
ave|1
section|7
off|19
probably|15
full|20
clearly|10
necessary|4
"""youll"|1
gush|1
dark|4
bread|2
sisters|5
lets|2
plans|1
"""arent"|1
refuse|1
declare|1
conditions|1
willing|2
resistance|1
*****|2
charge|6
status|4
(does|1
deductible|1
armourlike|1
fitted|2
imaginings|1
now|78
whispered|1
latest|1
fa√ßade|1
droplets|1
dinner|4
inseparably|1
womens|1
public|10
ear|2
beyond|1
1e4|1
does|1
depends|1
"""whats"|4
have|112
only|63
leaves|1
wondered|1
year|6
soft|1
frequent|2
music|7
heaving|1
allimportant|1
overcoat|1
(in|1
aggrieved|1
robust|1
exhaustion|1
"sacked"""|1
doing|14
spot|3
possible|18
"""can"|1
double|2
then?|1
prejudice|1
motionless|1
sallied|1
dozing|1
quicker|1
wed|1
weak|2
"last!"""|1
payments|3
assistance|1
troubled|1
unsure|1
"then?"""|6
break|4
bother|1
observant|1
feeble|1
provoking|1
worst|1
weeks|1
"round"""|1
sticks|1
http://gutenbergnet/license)|1
contain|2
incidental|1
(if|1
problem|1
copyrighted|2
hundred|1
curious|2
respect|4
forgotten|6
reduce|1
sky|1
items|1
rented|4
neck|3
comprehension|1
attached|1
merchantibility|1
morning|22
whole|18
slowly|22
whats|6
took|18
investigate|1
sacked|1
failure|2
leave?|1
crouched|1
drive|4
favourite|1
salt|2
absolutely|3
poor|1
rage|1
chewing|1
cigarettes|1
http://wwwgutenbergnet/5/2/0/5200/|1
interpreted|1
long|23
pure|1
became|15
forward|12
things|27
intercede|1
secure|2
private|1
accurately|1
our|8
wake|2
hissed|1
"attention"""|1
performing|3
august|1
thought|32
connections|1
quickly|11
subordinates|1
strained|1
appear|3
clapping|1
invisible|1
second|3
swore|1
caustic|1
slumber|1
thickboned|1
played|3
melancholy|1
nostrils|1
states|15
unenforceability|1
widest|2
retreating|1
stretched|4
women|15
despair|3
twice|2
useless|1
choose|2
"happened?"""|1
violence|1
begging|1
customers|1
acceptance|1
built|1
foundation|20
array|1
just|48
while|39
done|12
lad|1
skirts|4
adhesive|2
exhausted|2
centre|1
sometimes|7
concealed|1
unfastened|1
opinion)|1
pale|1
expenses|2
file|3
rest|7
salesman|2
muff|1
worries|2
quarter|6
rung?|1
injured|3
pitys|1
enter|3
feelings|1
receive|5
dampness|1
cleaner|9
remedies|1
bedding|1
friendly|5
avoid|3
anger|3
wisdom|1
banging|1
herself|18
keys|1
hurt|2
ordeal|1
"while?"""|1
mean|2
apples|1
swallow|1
threads|1
proceed|1
additional|4
actual|1
the|1328
**|4
"""oh"|4
workshy|1
contented|1
peace|8
concern|4
find|6
really|23
across|8
"sir"""|1
wise|1
care|1
grasp|2
flight|1
anxious|1
similar|1
incarcerated|1
wallpaper|1
current|3
"""if"|2
inflamed|1
prevented|1
displayed|1
subscribe|1
anywhere|4
date:|1
window|19
"""its"|2
finally|10
entire|4
impeding|1
wasted|1
touchy|1
block|1
concentrated|1
rearranging|1
cease|1
asis|1
1f5|1
(a)|1
didnt|11
together|9
rung|1
want|11
consider|3
strong|4
honour|1
austere|1
removed|4
box|1
"seen"""|1
familys|1
"dungbeetle!"""|1
refund|9
marked|2
date|2
gutenbergtms|1
moving|11
ten|2
opens|1
pot|1
write|1
comfort|1
explained|1
grand|1
till|1
emptied|1
treated|1
"child"""|1
fear|1
country|3
(and|1
except|3
ask|3
recognise|1
"""keep"|1
anything|15
badly|2
crawled|4
feet|4
homework|1
bushy|1
mobility|1
overworked|1
"family"""|1
staggered|1
leader|1
formats|2
trademark|10
see|41
feel|19
recommendation|1
strangeness|1
painfully|6
town|3
"""mother?"""|1
meal|6
looking|10
lethal|1
trouser|1
couldnt|8
my|20
ill|12
followed|5
"here"""|1
isnt|3
noises|2
uneasy|3
item|1
"him?"""|1
age|1
high|4
fainted|2
unusually|1
sacrificed|1
agitated|1
"look"""|1
distract|1
ebooks|7
necessarily|1
franz|4
included|4
spread|8
"""getting"|1
gently|4
hazard|1
confidence|4
reply|2
sent|4
"""get"|1
bleeding|1
clumsy|1
writing|8
uniting|1
continuing|1
abide|1
redistribute|1
"""it"|1
oclock|6
bedpost|1
order|7
flat|20
entrusted|1
fools|1
quickly?|1
"""oh!"""|1
fists|2
swayed|2
return|4
lived|2
coming|5
jump|1
companions|2
monogram|1
premises|1
quieter|1
copying|4
modification|1
identification|1
treatment|1
onto|21
word|9
breakfast|6
simply|7
meals|2
square|1
underwear|1
expecting|1
mingle|1
repeatedly|1
electronically|2
goals|1
samples|3
viewer|1
cold|3
sort|6
fell|9
said|48
recover|1
bearing|1
save|4
furniture|14
floating|1
tall|1
selection|1
adults|1
sixteen|1
scalp|1
young|3
"""where"|1
works|33
solicit|2
from|134
irregular|1
stupid|2
acquired|2
hours|8
silence|3
intended|2
smooth|1
hall|7
endless|1
defend|1
edge|1
misfortunes|1
cap|3
weakly|1
limitation|3
84116|1
increasing|1
legs|20
hearer|1
week|2
ourselves|2
she|196
behaviour|3
attention|13
temporarily|1
woken|2
passed|2
stranger|2
thank|1
worn|2
splinter|1
"""ah!"""|1
quaking|1
cosy|1
5200]|1
clerk|34
stubborn|2
damage|4
incapable|1
send|6
plan|2
charlottenstrasse|1
helped|2
poked|2
containing|2
oppressed|1
piece|1
alteration|1
dream|2
much|39
them|64
pauses|1
whispered:|1
behalf|2
clear|11
work!|1
urge|5
drove|1
hadnt|2
sauce|2
certainty|2
providing|4
swamp|1
thirty|1
iso88591|1
dull|2
hard|12
make|26
contract|2
minor|1
tears|9
enormous|5
talk|4
pouring|1
anew|1
regard|2
celebrations|1
redistributing|2
references|2
gross|1
medium|5
warranties|3
provision|1
occur:|1
housed|1
never|20
effort|12
what|58
succeeded|1
nearby|1
impossible|6
heavily|3
led|2
earned|3
dear|1
life!|1
transferring|1
gentlemen?|1
unnerving|1
"""lets"|1
discussed|1
"""gregor?"|1
work|73
assuming|1
prohibition|2
further|4
hour|2
splendour|1
announcement|1
emergencies|1
abandoned|2
broke|4
"""mothers"|1
places|1
cleaning|2
sunk|1
humility|1
irritation|2
5200hzip|1
awayyou|1
(801)|1
details|1
follow|2
wasnt|5
up|84
arms|14
depended|1
seized|1
appeals|3
possibilities|1
collapsed|2
hang|1
mission|4
donations|15
i|54
waved|1
fall|8
patient|4
danger|2
taken|15
expense|2
closely|2
pair|1
loss|1
exchange|2
shabbier|1
paid|7
neednt|1
elect|1
violates|1
methods|1
loose|1
like|36
satisfied|1
dressed|9
"know"""|1
symptom|1
hospital|2
vile|1
realise|3
advice|1
holes|1
sweep|1
furnishings|1
obvious|2
occasionally|1
"""well?"""|1
gregory|1
vermin|1
"""what"|9
covers|2
evening|18
cannot|5
besides|2
"help!"""|1
bones|1
forgot|2
aim|1
shed|2
destination|1
redistribution|2
displaying|4
provided|4
1f6|1
getting|6
annoyed|4
cry|2
fail|2
terrible|1
cooking|1
lie|2
arrived|4
driving|1
blossoming|1
and|708
picture|6
usual|5
voice|14
sound|7
sits|1
"""no"""|2
newspapers|2
surprise|5
healed|1
mindlessly|1
nourishment|1
slipped|1
tremendous|1
property|2
1e1|5
calculated|1
stored|1
do|60
hands|19
claim|2
knock|3
answering|1
tips|1
clenched|1
decided|4
climbing|1
known|2
months|2
advantage|1
1e7|3
"""how"|1
been|101
packed|1
force|8
here|17
pressed|14
occupied|3
exclaim|1
attracted|1
expressive|1
conservatory|3
lot|4
child|2
unyielding|1
changing|1
stumbling|1
crate|1
owed|2
words:|1
intellectual|2
appearing|1
reasonable|1
any)|1
readable|2
$5000)|1
statements|1
upon|2
gone|5
bend|2
every|12
three|25
limped|1
inedible|1
shivering|1
dare|3
spying|1
god|2
lurched|1
tug|2
businesses|1
"more"""|1
void|1
middleaged|1
away|33
curse|2
need|8
"""im"|1
directions|3
around|20
pursue|1
calmness|1
important|4
mistake|1
locked|4
itd|1
patch|1
numb|1
amount|1
hallway|3
sympathy|1
enquiringly|1
guidelines|1
are|26
injuring|1
moved|11
hanging|2
shocking|3
regained|1
poured|1
naturally|1
bottle|1
openly|1
nowadays|1
sold|2
wipe|1
skirt|1
whistled|1
literary|13
punitive|1
title:|1
travelling|8
look|20
position|8
where|39
ive|4
price|2
happening|4
uncertainly|1
understood|3
wild|1
hoping|1
arrange|1
freedom|1
son!|1
express|2
chase|3
budget|1
smoking|1
michael|2
part|11
final|1
goes|1
mothers|7
paying|3
surely|1
reasons|1
clean|3
meet|2
hiss|1
paleness|1
creation|1
replacement|5
1f2|1
moment|9
better|20
eventually|2
pushing|4
muffled|1
beside|5
calmly|3
wrenching|1
tender|2
vain|1
yesterday|1
benefit|1
crawl|7
happy|1
location|1
agreed|2
tax|6
small|6
"now"""|4
against|28
floor|22
tightly|2
extreme|1
comalike|1
forced|5
nonetheless|4
middle|11
concerned|1
walk|2
feared|1
complaint|1
infirm|1
""""|1
compressed|1
exempt|2
of|552
through|22
members|2
breathing|2
person!|1
chair|16
crucial|1
flowed|3
"see"""|1
pleased|2
continue|3
bottles|2
confirm|1
renamed|1
imposed|2
errors|1
drops|2
made|40
very|35
moreover|2
"""ill"|3
immediate|5
dizziness|1
steadily|1
sideboard|1
intending|1
ideas|1
jobs|1
1|1
fees|4
invalidity|1
card|1
slide|1
began|18
spots|1
guest|1
uncontrollable|1
"""seven"|2
"""good"|1
reads|1
teeth|4
travellers|2
shouting:|1
until|13
experience|2
housekeeper|1
threatened|2
thrown|3
receiving|1
checks|1
no|66
20|1
warning|1
well?|1
call|4
evenings|4
havent|2
cleared|2
folds|1
enthusiastic|1
obsessed|1
"""yes"""|1
kissed|1
livelier|1
1d|1
possibility|1
dr|2
search|1
hitting|2
once|18
calm|7
help|17
question|7
intention|3
communicated|1
several|9
pack|1
underneath|1
foods|2
remaining|1
lift|3
yet|3
outstretched|3
lungs|1
fruit|1
feed|1
notes|1
pglaf)|1
described|1
employee|1
5961887|1
helplessly|1
lower|7
state|15
hurried|8
finished|8
milk|6
finger|3
scurried|1
sewing|2
decayed|1
lifted|6
theres|4
chose|1
rushing|1
loud|8
someone|6
"""listen"""|1
snapped|1
jaws|2
allowed|5
fixed|1
world|1
therefore|1
govern|1
peacefully|3
lady|4
shocked|5
caught|3
thump|1
fretsaw|2
coffee|3
unbearable|2
vigour|1
refused|2
files|2
"""plain"|2
computer|2
brown|4
an|35
ago|3
over|32
matter|2
youll|2
join|1
astonished|4
breath|7
arduous|1
speech|1
"mother"""|2
released|1
matters|1
spokesman|1
ancient|1
sleeve|1
cheek|2
steaming|1
persecuting|1
irritably|1
holder|6
posture|1
in:|1
donors|1
heavy|4
something|26
service|3
sensitive|2
danced|1
clearer|1
judge|2
stared|1
picked|3
unless|6
heaviest|2
ability|1
duty|1
peering|1
equipment|4
chuck|1
hairs|1
withdrew|1
glance|2
pg|1
bed|28
house|2
strikes|1
albeit|1
upwards|1
"""shes"|1
including|9
corrupt|1
found|16
transformed|1
hat|4
yes|4
hes|5
quick|2
key|9
wanting|2
"right!"""|1
gaslight|1
swept|1
everythings|1
inherited?|1
subtleties|1
checked|1
disconcerted|1
concept|2
holder)|1
at|184
noticed|9
sign|8
carry|8
"oclock"""|1
basis|1
knowing|7
waiting|3
fled|3
distinctly|1
mealtime|1
reduced|2
planned|1
remains|1
shoulder|1
anticipation|1
describing|1
convert|1
discovered|1
outdated|1
heard|19
time|58
well|26
"bed"""|1
least|11
strength|7
"now?"""|1
"all"""|1
regular|1
harshly|1
shoulders|3
compellingly|1
warnings|2
connection|1
representations|1
accessed|1
hypertext|1
wwwgutenbergnet|2
english|1
change|5
doctors|1
putting|2
sticking|1
"""the"|1
idea|5
wind|1
gods|1
sooner|1
crash|1
walking|1
step|1
"dead!"""|1
pained|1
foundations|3
get|43
before|38
try|6
fist|2
way|64
cried|2
greyblack|1
spare|5
butter|1
midday|3
unpleasant|2
himself?|1
household|1
"""on"|1
"comfortable?"""|1
performance|1
is:|1
concerning|2
99712|1
http://pglaforg|2
that|343
direction|4
easy|8
grete!|1
trapped|1
glances|1
fully|7
emphatically|1
ate|3
heart|1
business@pglaforg|1
hardly|16
walls|7
cut|5
sleep|14
sick?|1
habit|6
sir|2
spoke|2
dishevelled|1
shook|2
nobody|4
fingers|2
closed|8
comfortable|2
unlike|2
entertain|1
communication|1
noticeably|1
motors|1
"""youre"|1
telling|1
b|1
familiar|2
gilded|1
breakfasts|2
were|70
deep|3
footsteps|1
worry|4
chance|7
feeling|3
errand|1
mentioned|1
saving|1
dirt|2
establish|1
rubbing|1
limited|5
ein|1
ak|1
fur|4
would|186
best|4
"heaven!"""|1
pangs|1
meanwhile|3
yes?|1
running|6
tip|1
patience|1
representative|1
freed|1
changes|1
theyre|1
altogether|1
profit|1
think|20
let|26
come|29
short|5
studies|1
understand|13
run|2
costs|3
burdensome|2
agree|10
eyebrows|1
unkempt|1
conversations|1
striking|1
prove|1
cheeks|1
web|6
home|19
gregors|99
insurance|1
excessive|1
sacrifice|2
boots|2
achieved|2
delighted|1
somewhat|2
father?|1
shiny|1
reproaches|1
whisper|1
perform|2
endure|2
protect|3
"""grete"|1
hugged|1
whatsoever|3
career|1
shudder|1
hearing|3
company|3
easily|6
bound|3
banister|2
believing|2
sadly|1
advise|1
obstinate|1
affairs|1
helpless|1
strongly|1
(any|1
1e3|1
4|3
fitness|1
unsolicited|1
thin|2
headboard|1
believed|1
slightest|6
cheer|1
"""before"|1
listen|5
"us"""|3
draw|2
asleep|5
shall|4
contrary|2
ones|1
indifferent|2
alone|3
begin|2
instrument|1
prevail|1
creating|4
owns|2
prominently|2
associated)|1
binary|1
identify|1
ebook|11
all|151
so|95
himself:|2
good|18
working|4
groundless|1
complaints|1
value|1
lethargic|1
startled|5
transformation|2
carrying|3
removing|2
blue|1
muster|1
sink|1
behest|1
corner|4
"""id"|1
"""itll"|1
yank|1
contents|1
paragraph|11
continuously|1
disgust|1
leaning|1
letting|3
smart|1
endearments|1
calculate|1
damaged|1
volunteer|1
a|342
updated:|1
if|120
nice|7
most|14
smile|4
cross|1
lighter|1
sword|1
waited|4
holiday|2
tools|1
sew|1
regularly|1
"""at"|1
indirect|1
discover|1
release|1
went|32
echo|1
total|3
nonsensical|1
effects|1
it!|3
placed|2
available|2
unimpeded|1
assure|1
brother|2
forehead|1
employers|1
sharply|1
(trademark/copyright)|1
generations|2
as|251
weather|2
early|6
especially|13
drink|1
either|6
flown|1
watering|1
consumed|1
bombard|1
squarely|1
imploring|1
exaggerated|1
2001|1
gratefully|1
this|143
encoding:|1
saying:|1
enveloped|1
opened|16
why|9
am|2
calmed|2
considering|1
darkness|4
tearfully|1
"enough"""|1
accumulating|1
pleasures|1
unchanged|1
decisive|1
structure|1
play|3
glancing|1
deranged|1
named|1
negligence|1
pages|1
right|20
business|15
five|5
being|26
medical|1
near|7
rock|1
alright|4
protruding|1
clever|1
halfrotten|1
protrusions|1
unhappy|1
onethe|1
solicitation|1
13|1
mild|1
youve|2
thinking|1
sister|96
game|1
learn|4
locksmith|4
pieces|2
arranged|1
copious|1
"action"""|1
spindly|1
laugh|1
specified|2
defect|3
f3|1
consequential|1
http://wwwpglaforg|1
ut|1
confirmed|1
slight|4
overcome|5
suppose|1
"somewhere?"""|1
knocking|3
nobodys|1
gushed|1
stairs|2
enthusiasm|1
lacking|1
"""let"|1
emptying|1
necessary?|1
loudest|1
reappear|1
1e8|4
north|1
about|73
now?|1
noone|15
dont|12
flow|1
quivering|1
shock|2
neighbour|1
drop|1
nap|1
practical|1
written|3
committed|1
her|187
quietly|5
son|1
push|4
piercing|2
curtains|1
tone|1
dismissed|1
smears|1
information|7
distributed:|1
although|19
know|15
another|9
though|30
clerks|3
saints|1
affection|1
entombed|1
doublechin|1
"""is"|1
addresses|1
his|550
half|8
came|31
simple|3
struggled|1
has|6
plenty|1
violinist|1
violin|12
convulsive|1
lap|2
rules|2
scattered|1
credit|1
then|73
id|4
side|22
softened|1
anyway|6
"""well"|3
suddenly|9
recommend|1
drawn|3
fluid|1
sofa|3
member|1
withstand|1
lain|2
linked|1
line|3
large|3
trip|1
guessed|1
tired|7
neglected|2
bank|2
point|2
apprentices|1
superfluous|1
nonproprietary|1
opportunities|1
organized|1
give|15
first|45
hurriedly|7
open|35
imagine|2
trusted|1
"""somethings"|1
calling|1
number|4
lasted|1
alert|1
breathe)|1
hats|1
printed|2
posted|5
transcribe|1
walks|1
"wrong?"""|1
mind|4
noticeable|1
declared|1
added|1
potatoes|1
maintaining|1
lying|6
might|17
consideration|5
since|9
brought|4
beer|1
barren|1
infant|1
largely|1
whom|3
dully|1
mechanical|1
performed|1
paragraphs|3
processing|1
(b)|1
synonymous|1
permanent|1
809|1
license|15
spineless|1
caused|6
dome|1
"work"""|1
"""theyre"|1
believe|2
bolted|2
fathers|6
rearrange|1
test|3
withdraw|1
wearing|2
deterioration|1
refusing|1
tolerate|1
alarmed|1
require|1
or|117
funny|1
pay|6
panic|2
"""and"|2
bowl|1
functions|1
balls|1
reproach|1
clutter|1
replace|1
to|832
many|7
"nonsense"""|1
true|3
sighing|1
shortcoming?|1
stayed|5
asked|16
seem|4
scraped|1
"""am"|1
enjoyed|1
directly|3
whereas|1
shouted|5
grin|1
memory|1
inaccessible|1
thumped|1
"""thats"|2
obtain|3
locations|2
restrictions|2
last|11
weight|3
quiet|10
abandoning|2
condition|8
causing|3
hold|7
relatively|3
watched|3
shes|1
responsible|1
punished|1
authority|1
plates|1
gregor?|1
"""information"|1
2|1
slid|3
awkwardly|1
rocked|1
wrong?|1
grant|2
won|1
behind|16
distance|3
electric|2
delaying|1
importune|1
indicating|3
march|1
nearer|1
little|49
place|9
doctor|6
"""gregor!"|1
individual|7
uniform|9
shouts|1
threat|1
slammed|5
smell|3
resolved|1
conclusion:|1
joining|1
"dying!"""|1
bedrooms:|1
backs|1
gained|1
international|1
accepted|2
size|2
themselves|10
expected|6
also|17
"samsa"""|3
amazed|4
coughed|1
wage|1
started|4
"lead"""|1
changed|3
closing|2
complete|1
gutenbergtm|56
considerable|2
newby|1
gutenberg|25
pitifully|1
shoved|1
unfortunately|6
narrow|3
swinging|1
decision|4
maids|1
we|33
"be"""|1
ran|11
wealth|1
experienced|3
entertaining|3
effect|1
supported|1
cashier|1
remarkable|1
share|1
1e2|1
arise|1
sections|2
accuse|2
ever|11
keep|12
air|6
concede|1
soughing|1
controlled|1
tops|1
asthma|1
appearance|4
fourteen|1
pointing|1
vertical|1
means|3
disk|1
regulating|1
offers|1
eating|8
reported|2
wanted|28
voice:|2
secret|3
less|2
cool|1
saddened|1
anxiety|1
soles|1
attackers|1
weaker|2
dead|1
sideways|1
agreement|18
"(""the"|1
version|1
hart|2
law|2
50|1
metamorphosis|6
start|7
raising|4
making|11
demands|1
stop|5
flank|1
transform|1
countless|1
dared|2
address|2
"do?"""|1
chosen|1
almost|20
he|576
which|41
stopped|9
"""gregor"""|2
seriously|5
homes|1
pulled|5
"again"""|1
pull|3
behaved|1
"easier"""|1
bitter|1
likely|1
courtesy|1
cough|1
harmed|1
compliance|5
additions|1
s|2
gbnewby@pglaforg|1
showed|3
big|3
mad|2
called|14
thoughts|4
held|14
gave|6
swing|2
straight|18
windows|2
frequently|2
meantime|1
walked|1
fashion|1
"something"""|1
offered|1
beautiful|2
smoke|1
tugged|1
distribution|6
owner|6
maybe|6
voice!|1
"""gregor"|3
street|6
living|18
overcoat)|1
empty|4
fiery|1
gratitude|2
money?|2
glowering|1
various|3
drag|1
related|1
toothless|1
strike|1
